[
  {
    "id": "b84d7058-aa60-4d01-812a-59946eeb483d",
    "data": [
      {
        "text": "good morning",
        "userDefined": false
      }
    ],
    "isTemplate": false,
    "count": 0,
    "updated": 1527765093
  },
  {
    "id": "9863de90-e630-46a2-8385-4f2eb009f248",
    "data": [
      {
        "text": "how are you doing",
        "userDefined": false
      }
    ],
    "isTemplate": false,
    "count": 0,
    "updated": 1527765093
  },
  {
    "id": "bab44cf6-9f0a-412f-98a1-bf9de0680889",
    "data": [
      {
        "text": "hello",
        "userDefined": false
      }
    ],
    "isTemplate": false,
    "count": 0,
    "updated": 1527765093
  },
  {
    "id": "32a57329-dc17-4b81-a017-4efb2175a880",
    "data": [
      {
        "text": "hey",
        "userDefined": false
      }
    ],
    "isTemplate": false,
    "count": 0,
    "updated": 1527765093
  },
  {
    "id": "feaaad6d-a1bc-4ea7-b4f4-de2c87c2b39f",
    "data": [
      {
        "text": "good day",
        "userDefined": false
      }
    ],
    "isTemplate": false,
    "count": 0,
    "updated": 1527765093
  },
  {
    "id": "086ae67c-47c6-4e88-9ce2-b85e50ab4b42",
    "data": [
      {
        "text": "what\u0027s up",
        "userDefined": false
      }
    ],
    "isTemplate": false,
    "count": 0,
    "updated": 1527765093
  },
  {
    "id": "38e4d5a4-2c5c-45d6-9702-03cdb917d7f9",
    "data": [
      {
        "text": "hi",
        "userDefined": false
      }
    ],
    "isTemplate": false,
    "count": 0,
    "updated": 1527765093
  }
]