[
  {
    "id": "35e21f20-401d-4d81-a8c4-3e2cf775d75a",
    "data": [
      {
        "text": "Sure. I have time ",
        "userDefined": false
      },
      {
        "text": "this afternoon at 4",
        "alias": "date-time1",
        "meta": "@date-time",
        "userDefined": true
      },
      {
        "text": ", ",
        "userDefined": false
      },
      {
        "text": "next Monday at 8",
        "alias": "date-time2",
        "meta": "@date-time",
        "userDefined": false
      },
      {
        "text": " or ",
        "userDefined": false
      },
      {
        "text": "Wednesday at 4",
        "alias": "date-time3",
        "meta": "@date-time",
        "userDefined": false
      },
      {
        "text": ".",
        "userDefined": false
      }
    ],
    "isTemplate": false,
    "count": 0,
    "updated": 1527167446
  },
  {
    "id": "59a5b75c-59ee-4b68-a050-d4eb0ff3a2ae",
    "data": [
      {
        "text": "I would have time ",
        "userDefined": false
      },
      {
        "text": "tomorrow at 2 o\u0027clock",
        "alias": "date-time1",
        "meta": "@date-time",
        "userDefined": false
      },
      {
        "text": ", on ",
        "userDefined": false
      },
      {
        "text": "Monday morning",
        "alias": "date-time2",
        "meta": "@date-time",
        "userDefined": false
      },
      {
        "text": " or ",
        "userDefined": false
      },
      {
        "text": "next Friday in the afternoon",
        "alias": "date-time3",
        "meta": "@date-time",
        "userDefined": false
      },
      {
        "text": ".",
        "userDefined": false
      }
    ],
    "isTemplate": false,
    "count": 0,
    "updated": 1527167446
  },
  {
    "id": "91c17df0-4f07-417d-9dc8-33b79789a5bd",
    "data": [
      {
        "text": "I have time ",
        "userDefined": false
      },
      {
        "text": "tomorrow at 12",
        "alias": "date-time1",
        "meta": "@date-time",
        "userDefined": false
      },
      {
        "text": ", on ",
        "userDefined": false
      },
      {
        "text": "Monday at 2 o\u0027clock",
        "alias": "date-time2",
        "meta": "@date-time",
        "userDefined": true
      },
      {
        "text": " and ",
        "userDefined": false
      },
      {
        "text": "Wednesday at 9",
        "alias": "date-time3",
        "meta": "@date-time",
        "userDefined": false
      },
      {
        "text": ".",
        "userDefined": false
      }
    ],
    "isTemplate": false,
    "count": 0,
    "updated": 1527773468
  },
  {
    "id": "a284a593-29b0-461b-88d3-d42bdc17154c",
    "data": [
      {
        "text": "Today at 2",
        "alias": "date-time1",
        "meta": "@date-time",
        "userDefined": false
      },
      {
        "text": ", ",
        "userDefined": false
      },
      {
        "text": "Monday at noon",
        "alias": "date-time2",
        "meta": "@date-time",
        "userDefined": false
      },
      {
        "text": " and ",
        "userDefined": false
      },
      {
        "text": "June 6th at 10 o\u0027clock",
        "alias": "date-time3",
        "meta": "@date-time",
        "userDefined": false
      },
      {
        "text": ".",
        "userDefined": false
      }
    ],
    "isTemplate": false,
    "count": 0,
    "updated": 1527167446
  }
]