[
  {
    "id": "beee8615-7a69-4622-9643-db880c4a4c49",
    "data": [
      {
        "text": "Call me ",
        "userDefined": false
      },
      {
        "text": "Bruno,",
        "alias": "given-name",
        "meta": "@sys.given-name",
        "userDefined": false
      },
      {
        "text": " ",
        "userDefined": false
      },
      {
        "text": "bruno.hernandez@gmail.com",
        "alias": "email",
        "meta": "@sys.email",
        "userDefined": true
      }
    ],
    "isTemplate": false,
    "count": 0,
    "updated": 1527764574
  },
  {
    "id": "7983c2c0-4bc2-4b86-a3f3-ee66af9c0911",
    "data": [
      {
        "text": "My Name is ",
        "userDefined": false
      },
      {
        "text": "Brad,",
        "alias": "given-name",
        "meta": "@sys.given-name",
        "userDefined": false
      },
      {
        "text": " email ",
        "userDefined": false
      },
      {
        "text": "brad.pitt@students.fhnw.ch",
        "alias": "email",
        "meta": "@sys.email",
        "userDefined": true
      }
    ],
    "isTemplate": false,
    "count": 0,
    "updated": 1527764574
  },
  {
    "id": "e73eff2e-590d-401f-852a-d127e3adebd7",
    "data": [
      {
        "text": "Steve",
        "alias": "given-name",
        "meta": "@sys.given-name",
        "userDefined": false
      },
      {
        "text": " and email is ",
        "userDefined": false
      },
      {
        "text": "steve.smith@hotmail.com",
        "alias": "email",
        "meta": "@sys.email",
        "userDefined": true
      }
    ],
    "isTemplate": false,
    "count": 0,
    "updated": 1527764574
  },
  {
    "id": "a4587a0f-1959-41c3-8edc-0de857273fb1",
    "data": [
      {
        "text": "I am ",
        "userDefined": false
      },
      {
        "text": "Steve",
        "alias": "given-name",
        "meta": "@sys.given-name",
        "userDefined": false
      },
      {
        "text": " and my email is ",
        "userDefined": false
      },
      {
        "text": "Steve.Brown@gmx.ch",
        "alias": "email",
        "meta": "@sys.email",
        "userDefined": true
      }
    ],
    "isTemplate": false,
    "count": 0,
    "updated": 1527764574
  }
]