[
  {
    "id": "06f03c51-d469-4f06-b25f-ddce0f611f9d",
    "data": [
      {
        "text": "I go ",
        "userDefined": false
      },
      {
        "text": "running",
        "alias": "hobby",
        "meta": "@hobby",
        "userDefined": false
      },
      {
        "text": " in my free time.",
        "userDefined": false
      }
    ],
    "isTemplate": false,
    "count": 0,
    "updated": 1527171067
  },
  {
    "id": "8f90c3ff-f697-42c1-9209-b6d565ee04aa",
    "data": [
      {
        "text": "In my spare time, I like to play ",
        "userDefined": false
      },
      {
        "text": "poker",
        "alias": "hobby",
        "meta": "@hobby",
        "userDefined": false
      },
      {
        "text": ".",
        "userDefined": false
      }
    ],
    "isTemplate": false,
    "count": 0,
    "updated": 1527171067
  },
  {
    "id": "90fd529b-7217-4c29-b02e-bec61ca55836",
    "data": [
      {
        "text": "Cycling",
        "alias": "hobby",
        "meta": "@hobby",
        "userDefined": false
      },
      {
        "text": " is ",
        "userDefined": false
      },
      {
        "text": "one",
        "meta": "@sys.ignore",
        "userDefined": false
      },
      {
        "text": " of my hobbies.",
        "userDefined": false
      }
    ],
    "isTemplate": false,
    "count": 0,
    "updated": 1527171067
  },
  {
    "id": "927da544-5501-43da-8946-3a9bc51e859d",
    "data": [
      {
        "text": "I like ",
        "userDefined": false
      },
      {
        "text": "hiking",
        "alias": "hobby",
        "meta": "@hobby",
        "userDefined": false
      },
      {
        "text": ".",
        "userDefined": false
      }
    ],
    "isTemplate": false,
    "count": 0,
    "updated": 1527171067
  },
  {
    "id": "f6f1ce9a-a4de-4e8f-8f55-5f1b977976fa",
    "data": [
      {
        "text": "Listening to ",
        "userDefined": false
      },
      {
        "text": "music",
        "alias": "hobby",
        "meta": "@hobby",
        "userDefined": false
      },
      {
        "text": " is ",
        "userDefined": false
      },
      {
        "text": "one",
        "meta": "@sys.ignore",
        "userDefined": false
      },
      {
        "text": " of my hobbies.",
        "userDefined": false
      }
    ],
    "isTemplate": false,
    "count": 0,
    "updated": 1527171067
  },
  {
    "id": "c329fcc7-6cd4-4bab-82ec-042985d1c016",
    "data": [
      {
        "text": "In my free time I like to play ",
        "userDefined": false
      },
      {
        "text": "table tennis",
        "alias": "hobby",
        "meta": "@hobby",
        "userDefined": false
      },
      {
        "text": ".",
        "userDefined": false
      }
    ],
    "isTemplate": false,
    "count": 0,
    "updated": 1527171067
  },
  {
    "id": "1f0142f7-cdf5-4517-bee9-48fe43940761",
    "data": [
      {
        "text": "Besides work, I like to go ",
        "userDefined": false
      },
      {
        "text": "cycling",
        "alias": "hobby",
        "meta": "@hobby",
        "userDefined": false
      },
      {
        "text": ".",
        "userDefined": false
      }
    ],
    "isTemplate": false,
    "count": 0,
    "updated": 1527171067
  }
]