[
  {
    "id": "cf1a0685-b181-420b-81a3-ba7649f035c7",
    "data": [
      {
        "text": "I am ",
        "userDefined": false
      },
      {
        "text": "efficient",
        "alias": "strengths",
        "meta": "@strengths",
        "userDefined": false
      },
      {
        "text": ".",
        "userDefined": false
      }
    ],
    "isTemplate": false,
    "count": 0,
    "updated": 1527161464
  },
  {
    "id": "8aad91ca-193e-4a5d-8b0f-41192b84a4d5",
    "data": [
      {
        "text": "One",
        "meta": "@sys.ignore",
        "userDefined": false
      },
      {
        "text": " of my strengths is being ",
        "userDefined": false
      },
      {
        "text": "efficient",
        "alias": "strengths",
        "meta": "@strengths",
        "userDefined": false
      },
      {
        "text": ".",
        "userDefined": false
      }
    ],
    "isTemplate": false,
    "count": 0,
    "updated": 1527161464
  },
  {
    "id": "c4d58b8b-b1db-4f76-b7d8-158395ea8891",
    "data": [
      {
        "text": "I consider ",
        "userDefined": false
      },
      {
        "text": "patience",
        "alias": "strengths",
        "meta": "@strengths",
        "userDefined": true
      },
      {
        "text": " one of my strengths.",
        "userDefined": false
      }
    ],
    "isTemplate": false,
    "count": 0,
    "updated": 1527161464
  },
  {
    "id": "e8f69ede-39fc-4321-ac2b-df4e1e20acd4",
    "data": [
      {
        "text": "Efficient",
        "alias": "strengths",
        "meta": "@strengths",
        "userDefined": false
      },
      {
        "text": ".",
        "userDefined": false
      }
    ],
    "isTemplate": false,
    "count": 0,
    "updated": 1527161464
  }
]