[
  {
    "id": "3890fe69-bc79-4caf-8f19-1e12eb219c5d",
    "data": [
      {
        "text": "Impatient",
        "alias": "weakness",
        "meta": "@weakness",
        "userDefined": true
      },
      {
        "text": ".",
        "userDefined": false
      }
    ],
    "isTemplate": false,
    "count": 0,
    "updated": 1527761159
  },
  {
    "id": "85c41e2b-e46a-4df8-a392-797144b90a30",
    "data": [
      {
        "text": "Being ",
        "userDefined": false
      },
      {
        "text": "impatient",
        "alias": "weakness",
        "meta": "@weakness",
        "userDefined": false
      },
      {
        "text": " is ",
        "userDefined": false
      },
      {
        "text": "one",
        "meta": "@sys.ignore",
        "userDefined": false
      },
      {
        "text": " of my weaknesses.",
        "userDefined": false
      }
    ],
    "isTemplate": false,
    "count": 0,
    "updated": 1527761159
  },
  {
    "id": "ce7c27f8-920e-44ce-a794-010862566751",
    "data": [
      {
        "text": "Some people tell me i am ",
        "userDefined": false
      },
      {
        "text": "impatient",
        "alias": "weakness",
        "meta": "@weakness",
        "userDefined": true
      },
      {
        "text": ".",
        "userDefined": false
      }
    ],
    "isTemplate": false,
    "count": 0,
    "updated": 1527761159
  },
  {
    "id": "58dd2e4f-da9b-477f-9504-bb33abbfbb88",
    "data": [
      {
        "text": "I am ",
        "userDefined": false
      },
      {
        "text": "impatient",
        "alias": "weakness",
        "meta": "@weakness",
        "userDefined": true
      },
      {
        "text": ".",
        "userDefined": false
      }
    ],
    "isTemplate": false,
    "count": 0,
    "updated": 1527761159
  }
]