[
  {
    "id": "6b7e29f3-59aa-4d7d-94b9-f9ed44f64d4f",
    "data": [
      {
        "text": "Hey",
        "userDefined": false
      }
    ],
    "isTemplate": false,
    "count": 0,
    "updated": 1527764791
  },
  {
    "id": "491237bc-0905-46e6-84d0-f91de948c749",
    "data": [
      {
        "text": "Hi",
        "userDefined": false
      }
    ],
    "isTemplate": false,
    "count": 0,
    "updated": 1527764791
  },
  {
    "id": "74d4a25f-84d9-41b5-9ecf-3f55abb108c9",
    "data": [
      {
        "text": "Good day",
        "userDefined": false
      }
    ],
    "isTemplate": false,
    "count": 0,
    "updated": 1527764791
  },
  {
    "id": "8658aaa9-c3d3-4446-988d-83a23927dc2c",
    "data": [
      {
        "text": "What\u0027s up",
        "userDefined": false
      }
    ],
    "isTemplate": false,
    "count": 0,
    "updated": 1527764791
  },
  {
    "id": "daa8f388-5ac7-41c9-ac8c-e73d131fff44",
    "data": [
      {
        "text": "Hello",
        "userDefined": false
      }
    ],
    "isTemplate": false,
    "count": 0,
    "updated": 1527764791
  },
  {
    "id": "6597c4b6-d54f-44ce-85ff-09ef0f0644d9",
    "data": [
      {
        "text": "How are you doing",
        "userDefined": false
      }
    ],
    "isTemplate": false,
    "count": 0,
    "updated": 1527764791
  }
]