[
  {
    "value": "cycling",
    "synonyms": [
      "cycling"
    ]
  },
  {
    "value": "hiking",
    "synonyms": [
      "hiking"
    ]
  },
  {
    "value": "running",
    "synonyms": [
      "running"
    ]
  },
  {
    "value": "acting",
    "synonyms": [
      "acting"
    ]
  },
  {
    "value": "baking",
    "synonyms": [
      "baking"
    ]
  },
  {
    "value": "programming",
    "synonyms": [
      "programming"
    ]
  },
  {
    "value": "cooking",
    "synonyms": [
      "cooking"
    ]
  },
  {
    "value": "dancing",
    "synonyms": [
      "dancing"
    ]
  },
  {
    "value": "gaming",
    "synonyms": [
      "gaming"
    ]
  },
  {
    "value": "ice skating",
    "synonyms": [
      "ice skating"
    ]
  },
  {
    "value": "juggling",
    "synonyms": [
      "juggling"
    ]
  },
  {
    "value": "knitting",
    "synonyms": [
      "knitting"
    ]
  },
  {
    "value": "music",
    "synonyms": [
      "music"
    ]
  },
  {
    "value": "origami",
    "synonyms": [
      "origami"
    ]
  },
  {
    "value": "paining",
    "synonyms": [
      "paining"
    ]
  },
  {
    "value": "photography",
    "synonyms": [
      "photography"
    ]
  },
  {
    "value": "playing",
    "synonyms": [
      "playing"
    ]
  },
  {
    "value": "puzzles",
    "synonyms": [
      "puzzles"
    ]
  },
  {
    "value": "reading",
    "synonyms": [
      "reading"
    ]
  },
  {
    "value": "singing",
    "synonyms": [
      "singing"
    ]
  },
  {
    "value": "table tennis",
    "synonyms": [
      "table tennis"
    ]
  },
  {
    "value": "yoga",
    "synonyms": [
      "yoga"
    ]
  },
  {
    "value": "baseball",
    "synonyms": [
      "baseball"
    ]
  },
  {
    "value": "basketball",
    "synonyms": [
      "basketball"
    ]
  },
  {
    "value": "board sports",
    "synonyms": [
      "board sports"
    ]
  },
  {
    "value": "bodybuilding",
    "synonyms": [
      "bodybuilding"
    ]
  },
  {
    "value": "camping",
    "synonyms": [
      "camping"
    ]
  },
  {
    "value": "conyoning",
    "synonyms": [
      "conyoning"
    ]
  },
  {
    "value": "driving",
    "synonyms": [
      "driving"
    ]
  },
  {
    "value": "fishing",
    "synonyms": [
      "fishing"
    ]
  },
  {
    "value": "gardening",
    "synonyms": [
      "gardening"
    ]
  },
  {
    "value": "handball",
    "synonyms": [
      "handball"
    ]
  },
  {
    "value": "inline skating",
    "synonyms": [
      "inline skating"
    ]
  },
  {
    "value": "martial arts",
    "synonyms": [
      "martial arts"
    ]
  },
  {
    "value": "motor sports",
    "synonyms": [
      "motor sports"
    ]
  },
  {
    "value": "mountain biking",
    "synonyms": [
      "mountain biking"
    ]
  },
  {
    "value": "paintball",
    "synonyms": [
      "paintball"
    ]
  },
  {
    "value": "polo",
    "synonyms": [
      "polo"
    ]
  },
  {
    "value": "rugby",
    "synonyms": [
      "rugby"
    ]
  },
  {
    "value": "sailing",
    "synonyms": [
      "sailing"
    ]
  },
  {
    "value": "scuba diving",
    "synonyms": [
      "scuba diving"
    ]
  },
  {
    "value": "shooting",
    "synonyms": [
      "shooting"
    ]
  },
  {
    "value": "shopping",
    "synonyms": [
      "shopping"
    ]
  },
  {
    "value": "skateboarding",
    "synonyms": [
      "skateboarding"
    ]
  },
  {
    "value": "surfing",
    "synonyms": [
      "surfing"
    ]
  },
  {
    "value": "swimming",
    "synonyms": [
      "swimming"
    ]
  },
  {
    "value": "travel",
    "synonyms": [
      "travel"
    ]
  },
  {
    "value": "water sports",
    "synonyms": [
      "water sports"
    ]
  },
  {
    "value": "badminton",
    "synonyms": [
      "badminton"
    ]
  },
  {
    "value": "bowling",
    "synonyms": [
      "bowling"
    ]
  },
  {
    "value": "boxing",
    "synonyms": [
      "boxing"
    ]
  },
  {
    "value": "chess",
    "synonyms": [
      "chess"
    ]
  },
  {
    "value": "darts",
    "synonyms": [
      "darts"
    ]
  },
  {
    "value": "fencing",
    "synonyms": [
      "fencing"
    ]
  },
  {
    "value": "poker",
    "synonyms": [
      "poker"
    ]
  },
  {
    "value": "volleyball",
    "synonyms": [
      "volleyball"
    ]
  },
  {
    "value": "american football",
    "synonyms": [
      "american football"
    ]
  },
  {
    "value": "golfing",
    "synonyms": [
      "golfing"
    ]
  },
  {
    "value": "lacrosse",
    "synonyms": [
      "lacrosse"
    ]
  },
  {
    "value": "tennis",
    "synonyms": [
      "tennis"
    ]
  },
  {
    "value": "triathlon",
    "synonyms": [
      "triathlon"
    ]
  },
  {
    "value": "marathon",
    "synonyms": [
      "marathon"
    ]
  }
]