[
  {
    "value": "efficient",
    "synonyms": [
      "efficient"
    ]
  },
  {
    "value": "enthusiasm",
    "synonyms": [
      "enthusiasm"
    ]
  },
  {
    "value": "trustworthiness",
    "synonyms": [
      "trustworthiness"
    ]
  },
  {
    "value": "creativity",
    "synonyms": [
      "creativity"
    ]
  },
  {
    "value": "discipline",
    "synonyms": [
      "discipline"
    ]
  },
  {
    "value": "patience",
    "synonyms": [
      "patience"
    ]
  },
  {
    "value": "respectfulness",
    "synonyms": [
      "respectfulness"
    ]
  },
  {
    "value": "determination",
    "synonyms": [
      "determination"
    ]
  },
  {
    "value": "dedication",
    "synonyms": [
      "dedication"
    ]
  },
  {
    "value": "honesty",
    "synonyms": [
      "honesty"
    ]
  },
  {
    "value": "versatility",
    "synonyms": [
      "versatility"
    ]
  },
  {
    "value": "dependable",
    "synonyms": [
      "dependable"
    ]
  },
  {
    "value": "flexible",
    "synonyms": [
      "flexible"
    ]
  },
  {
    "value": "friendly",
    "synonyms": [
      "friendly"
    ]
  },
  {
    "value": "hard working",
    "synonyms": [
      "hard working"
    ]
  },
  {
    "value": "expressive",
    "synonyms": [
      "expressive"
    ]
  },
  {
    "value": "formal",
    "synonyms": [
      "formal"
    ]
  },
  {
    "value": "punctual",
    "synonyms": [
      "punctual"
    ]
  },
  {
    "value": "team player",
    "synonyms": [
      "team player"
    ]
  },
  {
    "value": "reliable",
    "synonyms": [
      "reliable"
    ]
  }
]