[
  {
    "value": "impatient",
    "synonyms": [
      "impatient"
    ]
  },
  {
    "value": "blunt",
    "synonyms": [
      "blunt"
    ]
  },
  {
    "value": "easily bored",
    "synonyms": [
      "easily bored"
    ]
  },
  {
    "value": "persistent",
    "synonyms": [
      "persistent"
    ]
  },
  {
    "value": "perfectionist",
    "synonyms": [
      "perfectionist"
    ]
  },
  {
    "value": "arrogant",
    "synonyms": [
      "arrogant"
    ]
  },
  {
    "value": "presenting",
    "synonyms": [
      "presenting"
    ]
  },
  {
    "value": "passive",
    "synonyms": [
      "passive"
    ]
  },
  {
    "value": "shy",
    "synonyms": [
      "shy"
    ]
  },
  {
    "value": "takes blame for others",
    "synonyms": [
      "takes blame for others"
    ]
  },
  {
    "value": "stubborn",
    "synonyms": [
      "stubborn"
    ]
  },
  {
    "value": "focusing on small details",
    "synonyms": [
      "focusing on small details"
    ]
  },
  {
    "value": "not taking criticism well",
    "synonyms": [
      "Not taking criticism well"
    ]
  },
  {
    "value": "takes things personally",
    "synonyms": [
      "takes things personally"
    ]
  },
  {
    "value": "takes on to much",
    "synonyms": [
      "takes on to much"
    ]
  },
  {
    "value": "impulsive",
    "synonyms": [
      "impulsive"
    ]
  },
  {
    "value": "likes to take risks",
    "synonyms": [
      "likes to take risks"
    ]
  },
  {
    "value": "does not like conflict",
    "synonyms": [
      "does not like conflict"
    ]
  },
  {
    "value": "fearful",
    "synonyms": [
      "fearful"
    ]
  },
  {
    "value": "bossy",
    "synonyms": [
      "bossy"
    ]
  },
  {
    "value": "lethargic",
    "synonyms": [
      "lethargic"
    ]
  },
  {
    "value": "strong willed",
    "synonyms": [
      "strong willed"
    ]
  },
  {
    "value": "unorganized",
    "synonyms": [
      "unorganized"
    ]
  },
  {
    "value": "lazy",
    "synonyms": [
      "lazy"
    ]
  },
  {
    "value": "selfish",
    "synonyms": [
      "selfish"
    ]
  },
  {
    "value": "procrastinate",
    "synonyms": [
      "procrastinate"
    ]
  },
  {
    "value": "aggressive",
    "synonyms": [
      "aggressive"
    ]
  },
  {
    "value": "close-minded",
    "synonyms": [
      "close-minded"
    ]
  }
]